cluster_id,count,top_terms,representative_example_1,representative_example_2,representative_example_3,representative_example_4,representative_example_5
0,63,"update, team, parcel, morning, getting, guys, order, need, kindle, waiting parcel","@AmazonHelp Sorry, I'm in Canada. I have checked the tracking (both on Amazon.ca and the company) and there has been no update since Monday evening when it arrived at the warehouse. Called courier and left message for callback, as well as emailed and no response.","@AmazonHelp How is this not a simple fix? I preordered before beta keys existed, so just update the account so I can get the @116089 key","@AmazonHelp I haven't received any update from your team, I have emailed you the details many times,  you guys have the worst service",@AmazonHelp No update since last 4 days..The estimated shipping date has asli been crossed,@AmazonHelp a software update appears to have bricked my device. It completes this process and then loops. Has been like this for 2 hrs https://t.co/GND5VZPYR1
1,318,"amazon, amazon logistics, logistics, india, amazon india, item, sold, carrier, amazon pay, pay","@AmazonHelp Uno si es por amazon, otro bo",@AmazonHelp Do you think that I didn't tried that. I think local delivery boys promise means more than #amazon.,@AmazonHelp From amazon,@AmazonHelp I've never had an issue getting an Amazon package from USPS.That's why I was frustrated I didn't get it yesterday &amp; now it's' saying (1/2),"@115851 @AmazonHelp @115850 IS THERE ANY HEIGHT OF BEING SHAMELESS!!!

HAVE YOU FOUNDED AMAZON INDIA TO CHEAT AND HARASS INNOCENT PEOPLE OF INDIA??

WHY HAVE YOU NOT RESPONDED AND TAKEN ACTION ON MY COMPLAINTS AGAINST CHEATING AND HARASSMENT DONE BY AMAZON INDIA??"
2,131,"thanks, thanks help, help, just, link, ok, hi, issue, helpful, sent",@AmazonHelp Just received it !! Sorry and thanks 🙈,Here we go again with the monkeys at Dynamex / @137088 ... Late deliveries and crappy parcel handling.  Thanks @AmazonHelp for continuing to screw your customers with the worst courier.,"@AmazonHelp Thanks. So, in summary, your tracking system is not to be relied upon for accuracy?",@AmazonHelp Will check now thanks,@AmazonHelp Up and running well this week on phone and TV (via Xbox). Thanks.
3,187,"help, need help, need, hi, don, hey, amazon, pls, card, actually",@AmazonHelp Who was helping me when we got disconnected and I have had little help from call 2 or 3 other then a larger headache and a ugh to swear,"@AmazonHelp Please I need help, I do not know where I have my product.",@AmazonHelp hi i need help with recharging a yearly prime sub and i accidently bought it when i was gonna buy this free month subscription and i really need help,"@AmazonHelp hi guys, delivery given to neighbour despite notes on the order for where to leave packages. Neighbour not in and this is a present. Help please :(",@AmazonHelp Same thing you always reply. Not received any mail. @115851 please help initiating refund
4,206,"delivered, today, delivered today, package, says, says delivered, order, items, package delivered, order delivered",@AmazonHelp And I paid extra to get it delivered quickly,@AmazonHelp Fudging when things are actually delivered isn't smart these days. Cameras everywhere. Where is the data?,"@AmazonHelp Prime proving to be useless AGAIN. Order should have arrived today by 9PM, and there now “may be a delay”. Waited in all day as you said it was going to be delivered. Sort it out.",@AmazonHelp hello wondering where my package was? was supposed to be delivered today,@AmazonHelp absolutely appalled that so far I’ve waited two days for two parcels to be delivered via #primedelivery - where are my items?!
5,196,"prime, membership, prime membership, shipping, days, day, pay prime, prime member, pay, member","@AmazonHelp I've been charged full price membership for prime and not the student price, how do I go about verifying my student status?",@AmazonHelp y'all charged me twice for my prime membership ...,@AmazonHelp when u order something on prime on Thursday and still hasn’t arrived :/ if this is prime deffo won’t be signing up,@AmazonHelp @115850  why so you charge for prime when such a thing has to be done. It would have been better to buy things from a shop rather than ☹️,@AmazonHelp why do I have prime when I order prime items that take 3/4 days to get to me instead of next day???
6,149,"account, amazon account, amazon, email, bank, locked, bank account, password, prime, ve",@AmazonHelp @115830 can you please tell me why money has been taken from my account when I haven’t ordered anything?? 😤🤔,@AmazonHelp Even though my bank account is missing £79?! https://t.co/KLwR9vfeLv,Can @AmazonHelp advise me on what a £7.99 charge on my account will be for?,I've got £15 on my amazon account when I try and buy a psn card its asking me for my card details anyone know why ? @AmazonHelp,"@AmazonHelp I consider this my report. 
Don’t report things on forms anymore as my account really does get flagged for suspicious activity."
7,133,"que, la, el, por, lo, en, mi, si, pero, una","@AmazonHelp Ingresé a la página, introduje mi correo electrónico, solicite que me enviaran el código y aun no recibo nada. Necesito ingresar a mi cuenta.","@AmazonHelp os dejado una consulta en MD, cuando podais por favor echadle un ojo, gracias por todo :)","@AmazonHelp @132703 Además me mandan sms dándome 5 opciones, de las cuales, realmente solo me deja elegir la de recogida en agencia. Sinvergüenzas https://t.co/cDTWSArrR1","@AmazonHelp Aún no, en principio tiene aún una hora para llegar. Me quejo de la falta de información. Seur y compañía no son la panacea pero te marcan franjas de entrega!","@116928 @115821 @AmazonHelp Yo no estoy pagando el Prime para que me enviéis las cosas por la PUÑETERA SEUR, COÑO."
8,123,"did, reply, yes did, yes, time, delivery, amp, mail, told, waiting","@AmazonHelp So yesterday, you told me to contact you if my order hadn’t arrived today, I did so and you never replied. It seems like you’re ignoring me","@12339 Fooling @115850 and defaming the name of @115821. Why in the earth would I request ""Delay Delivery in customer's request""? @AmazonHelp  How did this happen without even contacting me? https://t.co/fjlix1w41y",@AmazonHelp yes I did that.,@AmazonHelp I did. I didn't get a different response. I got a few messages from seller support asking me to be patient. They just KEEP. INVESTIGATING. They're going to investigate forever. And they're going to keep charging me while they do it.,@AmazonHelp please can someone reply to me. Five replacement kindles and none of them work. I want to escalate this as far as possible now.
9,73,"amazon prime, prime, amazon, day, delivery, hi, prime account, paying, prime day, video",@AmazonHelp Then you should remove these Join Now options (in below images) from Amazon Prime app so no one will get confuse.. https://t.co/z6joqBOxOs,@AmazonHelp @amazonhelp tomorrow? I thought the point of paying for amazon prime was so it arrived the next day?,Amazon Prime video plays on my office internet and not home internet. How? What to do? @AmazonHelp,"@AmazonHelp hi, I have cancelled my amazon prime account but the payment has still been collected post cancellation. Help please","@AmazonHelp And again I was offered a redelivery for tomorrow. I can't do that, clearly paying for Amazon Prime is redundant when a big selling point cannot be fulfilled on the companies behalf of actually delivering items."
10,1799,"today, time, ve, dm, ordered, days, don, says, yes, ich",@AmazonHelp its not good,Dear @AmazonHelp  It feels  really devastating that once you promise something then you break it. I didn't get my cashback yet. See it. https://t.co/6mQg6QpQdc,"@AmazonHelp First date given 12/10, next 16/10 failed by ur courier partner,that's ur business partner.",@279583 This is encouraging to hear. If only @AmazonHelp would respond to all of my emails about my stolen package from weeks ago. 🙄,@AmazonHelp Fire TV Stick with Alexa Voice Remote | Streaming Media Player https://t.co/AVCJNu0OmP
11,150,"customer, service, customer service, care, customer care, worst, amazon, help, called, customer support","@AmazonHelp And customer service says there is no way to contact. Need the order, not a refund. You guys can’t track drivers? Never again.",@AmazonHelp How do I request that none of my packages are shipped via USPS if this is the type of delivery service and “customer service” I receive?,@AmazonHelp Don’t think your customer service is capable to be honest.,@AmazonHelp I contacted customer service and they have processed a refund for me. Lovely service! Thankyou ☺️,@AmazonHelp What is wrong with you ? You all are criminals who play with customer money!
12,301,"just, refund, want, know, don, ve, don know, package, replacement, item",@AmazonHelp @115850 @115821 winner name please. Or just another fame quiz @144978 https://t.co/Isr5NK9FvT,@AmazonHelp Sadly not! Even the van men said there should be two parcels and they couldn’t find it! It’s quite an important parcel and don’t want it to be lost!,"@AmazonHelp  Hey , had ordered some stuffs Amazon IN ; had received damaged stuff ,despite raising 3 complaint seller refuse to entertain the replacement of stuff.
If the packaging is the issue why am not eligible for a refund. THis is not my fault just because of Supplier issue","@AmazonHelp Confirmation also says Friday but I ordered it under the pretence that the website said it would arrive today, otherwise I would have just gone to Tesco tomorrow to get it.",@AmazonHelp you've sent me a push notification every day for a week reminding me I can buy an Echo. I don't want one. Stop it.
13,40,"day requesting, requesting kind, kind response, requesting, kind, response, day, 19th, 13th, don time",@AmazonHelp @115830 @115851 423rd day requesting any kind of response,@AmazonHelp @115830 35th day requesting any kind of response,@AmazonHelp @115830 132nd day requesting any kind of response,@AmazonHelp @115830 82nd day requesting any kind of response,@AmazonHelp @115830 @115851 369th day requesting any kind of response
14,334,"delivery, day, day delivery, date, prime, delivery date, today, guaranteed, time, says",@AmazonHelp my COD delivery is held by your delivery service,@AmazonHelp But it shows me 10 days after delivery seriously! Like I'm a prime member yaar!and you says that it'll take maximum 1 or 2 day delivery time,"@122232 @AmazonHelp What’s going on? All day I’ve been in, nothing. Now my dog has to go hungry? https://t.co/mqNJ197ffL",@AmazonHelp I’d like to know if it’s possible to get some information on a delivery.,"@115830 @AmazonHelp waited in all day for my parcel to get this email. Next day delivery at its best I see. Absolutely fuming, what a waste of a day, I suppose I've got to wait in all day tomorrow now! https://t.co/mtrKuqEiG2"
15,82,"thank, resolved, ok, thank help, issue, sorted, ok thank, resolved thank, able, solved",@AmazonHelp Thank you!! for delivering the product.,@AmazonHelp Thank you for the response. I will look into it :'),@AmazonHelp I'll Email. Thank you for your efforts. Have a nice day!,"@AmazonHelp That is amazing. Thank you, 😃😃x",@AmazonHelp They resolved everything. Thank you!
16,148,"email, sent, sent email, ve, received, got, saying, received email, email saying, confirmation email","@AmazonHelp No, no email updates to be found",@AmazonHelp yes.  I'm not getting a verification code sent to my email.,@AmazonHelp I can't talk. It has to be email etc.,@AmazonHelp Yes __email__ is my email id,@AmazonHelp Been 48 hours as email stated no reply yet ?
17,88,"app, amazon, kindle, alexa, amazon app, kindle app, mobile, iphone, music, issue",@AmazonHelp Don’t worry I have submitted delivery feedback via your app after item delivered late yesterday evening. Will see how @115830 react to my very negative feedback,@AmazonHelp But at tme of retun window open when I try to return the mob 1 app installed and itself desided that there is no issue in mob @AmazonHelp,@AmazonHelp 2. Die App und das ganze restliche Konstrukt taugt nicht zum untereinander zu kommunizieren.,"@AmazonHelp hey Amazon, is there a reason why I can see a family members wish list on my PC, but not when using the iOS app?  I can follow a link to their list on my phone, but it then doesn’t give me the option to save the list.","@AmazonHelp Turns out it had gone two doors along, annoying that no card was left and app didn’t say that."
18,298,"order, order number, cancelled, number, cancel, refund, pre, pre order, received, cancel order","Hey @AmazonHelp!
Second delayed parcel in a row with Prime, and the best you can say is ""sorry""?
Should I read it as ""next time please order from sellers directly""?","@AmazonHelp Just says ""limited time"" received yesterday, tried to order this morning.","@AmazonHelp #unprofessional order id # 
403-7503264-7181114,403-8300003-6354735,403-5491238-8117144",@AmazonHelp Dishonest delivery setup. Worst cust care. Order no 404-1061350-8629132 against canceled order at high price &amp; late delivery.,@AmazonHelp my sister told me i selected the wrong address when usin her acct 2 order bulbs for my riding mower but idk how it went through
19,181,"est, le, pas, je, que, et, vous, ai, la, en",@AmazonHelp non ce n’est pas parfait. j’ai commandé hier pour être lové aujourd’hui et ça n’a pas été le cas. ce n’est pas parfait,Ah et merci @AmazonHelp aussi de m’avoir envoyé un bouquin de collection dans une enveloppe à soufflet avec un livreur de merde 🤗 https://t.co/BETKxqnArs,"@AmazonHelp @408540 J’ai également le même problème, ma livraison a été décalé au 9 novembre alors que je suis membre Prime.","@AmazonHelp Oui mais pour ça je dois me connecter or vous avez supprimé mon mot de passe car quelqu'un a essayé de se connecter sur mon compte, merci","@AmazonHelp bonsoir, je conteste la preuve de livraison de la commande Amazon 406-8688705-9705954 livrée hier par @132988. Je n'ai pas reçu le colis hier &amp; la preuve de livraison n'est pas ma signature. Merci. https://t.co/NZnIBSoNFA"
